{
  "best_model_path": "results_pid_151507_gcn/gcn_h512_l3_d0.27_lr2e-03.pth",
  "params": {
    "hidden_channels": 512,
    "num_neighbors": 5,
    "dropout": 0.2690851529012735,
    "lr": 0.002025225495945881,
    "num_layers": 3,
    "optimizer": "Adam"
  }
}